{"cameraMode":{"drawMode":0,"name":"Shaded","section":"Shading Mode"},"sceneLighting":false,"audioPlay":false,"sceneViewState":{"m_AlwaysRefresh":false,"showFog":true,"showSkybox":true,"showFlares":true,"showImageEffects":true,"showParticleSystems":true,"showVisualEffectGraphs":true,"m_FxEnabled":true},"in2DMode":false,"pivot":{"x":-2.2302944660186769,"y":-0.8134584426879883,"z":5.1443047523498539},"rotation":{"x":-0.08578077703714371,"y":0.17893344163894654,"z":-0.015662379562854768,"w":-0.9799916744232178},"size":3.6167080402374269,"orthographic":false}